matchNumber,stage,group,home,away,localDate,localTime,venue,city,country,venueTimeZone,utc
"1","Group A","A","Mexico","South Africa","2026-06-11","13:00","Estadio Azteca","Mexico City","Mexico","America/Mexico_City","2026-06-11T19:00:00.000Z"
"2","Group A","A","Korea Republic","Czechia","2026-06-11","20:00","Estadio Akron","Guadalajara","Mexico","America/Mexico_City","2026-06-12T02:00:00.000Z"
"3","Group B","B","Canada","Bosnia and Herzegovina","2026-06-12","15:00","BMO Field","Toronto","Canada","America/Toronto","2026-06-12T19:00:00.000Z"
"4","Group D","D","United States","Paraguay","2026-06-12","18:00","SoFi Stadium","Los Angeles","United States","America/Los_Angeles","2026-06-13T01:00:00.000Z"
"5","Group C","C","Haiti","Scotland","2026-06-13","21:00","Gillette Stadium","Boston","United States","America/New_York","2026-06-14T01:00:00.000Z"
"6","Group D","D","Australia","Turkiye","2026-06-13","21:00","BC Place","Vancouver","Canada","America/Vancouver","2026-06-14T04:00:00.000Z"
"7","Group C","C","Brazil","Morocco","2026-06-13","18:00","MetLife Stadium","New York / New Jersey","United States","America/New_York","2026-06-13T22:00:00.000Z"
"8","Group B","B","Qatar","Switzerland","2026-06-13","12:00","Levi's Stadium","San Francisco Bay Area","United States","America/Los_Angeles","2026-06-13T19:00:00.000Z"
"9","Group E","E","Ivory Coast","Ecuador","2026-06-14","19:00","Lincoln Financial Field","Philadelphia","United States","America/New_York","2026-06-14T23:00:00.000Z"
"10","Group E","E","Germany","Curacao","2026-06-14","12:00","NRG Stadium","Houston","United States","America/Chicago","2026-06-14T17:00:00.000Z"
"11","Group F","F","Netherlands","Japan","2026-06-14","15:00","AT&T Stadium","Dallas","United States","America/Chicago","2026-06-14T20:00:00.000Z"
"12","Group F","F","Sweden","Tunisia","2026-06-14","20:00","Estadio BBVA","Monterrey","Mexico","America/Mexico_City","2026-06-15T02:00:00.000Z"
"13","Group H","H","Saudi Arabia","Uruguay","2026-06-15","18:00","Hard Rock Stadium","Miami","United States","America/New_York","2026-06-15T22:00:00.000Z"
"14","Group H","H","Spain","Cape Verde","2026-06-15","12:00","Mercedes-Benz Stadium","Atlanta","United States","America/New_York","2026-06-15T16:00:00.000Z"
"15","Group G","G","Iran","New Zealand","2026-06-15","18:00","SoFi Stadium","Los Angeles","United States","America/Los_Angeles","2026-06-16T01:00:00.000Z"
"16","Group G","G","Belgium","Egypt","2026-06-15","12:00","Lumen Field","Seattle","United States","America/Los_Angeles","2026-06-15T19:00:00.000Z"
"17","Group I","I","France","Senegal","2026-06-16","15:00","MetLife Stadium","New York / New Jersey","United States","America/New_York","2026-06-16T19:00:00.000Z"
"18","Group I","I","Iraq","Norway","2026-06-16","18:00","Gillette Stadium","Boston","United States","America/New_York","2026-06-16T22:00:00.000Z"
"19","Group J","J","Argentina","Algeria","2026-06-16","20:00","Arrowhead Stadium","Kansas City","United States","America/Chicago","2026-06-17T01:00:00.000Z"
"20","Group J","J","Austria","Jordan","2026-06-16","21:00","Levi's Stadium","San Francisco Bay Area","United States","America/Los_Angeles","2026-06-17T04:00:00.000Z"
"21","Group L","L","Ghana","Panama","2026-06-17","19:00","BMO Field","Toronto","Canada","America/Toronto","2026-06-17T23:00:00.000Z"
"22","Group L","L","England","Croatia","2026-06-17","15:00","AT&T Stadium","Dallas","United States","America/Chicago","2026-06-17T20:00:00.000Z"
"23","Group K","K","Portugal","DR Congo","2026-06-17","12:00","NRG Stadium","Houston","United States","America/Chicago","2026-06-17T17:00:00.000Z"
"24","Group K","K","Uzbekistan","Colombia","2026-06-17","20:00","Estadio Azteca","Mexico City","Mexico","America/Mexico_City","2026-06-18T02:00:00.000Z"
"25","Group A","A","Czechia","South Africa","2026-06-18","12:00","Mercedes-Benz Stadium","Atlanta","United States","America/New_York","2026-06-18T16:00:00.000Z"
"26","Group B","B","Switzerland","Bosnia and Herzegovina","2026-06-18","12:00","SoFi Stadium","Los Angeles","United States","America/Los_Angeles","2026-06-18T19:00:00.000Z"
"27","Group B","B","Canada","Qatar","2026-06-18","15:00","BC Place","Vancouver","Canada","America/Vancouver","2026-06-18T22:00:00.000Z"
"28","Group A","A","Mexico","Korea Republic","2026-06-18","19:00","Estadio Akron","Guadalajara","Mexico","America/Mexico_City","2026-06-19T01:00:00.000Z"
"29","Group C","C","Brazil","Haiti","2026-06-19","21:00","Lincoln Financial Field","Philadelphia","United States","America/New_York","2026-06-20T01:00:00.000Z"
"30","Group C","C","Scotland","Morocco","2026-06-19","18:00","Gillette Stadium","Boston","United States","America/New_York","2026-06-19T22:00:00.000Z"
"31","Group D","D","Turkiye","Paraguay","2026-06-19","20:00","Levi's Stadium","San Francisco Bay Area","United States","America/Los_Angeles","2026-06-20T03:00:00.000Z"
"32","Group D","D","United States","Australia","2026-06-19","12:00","Lumen Field","Seattle","United States","America/Los_Angeles","2026-06-19T19:00:00.000Z"
"33","Group E","E","Germany","Ivory Coast","2026-06-20","16:00","BMO Field","Toronto","Canada","America/Toronto","2026-06-20T20:00:00.000Z"
"34","Group E","E","Ecuador","Curacao","2026-06-20","19:00","Arrowhead Stadium","Kansas City","United States","America/Chicago","2026-06-21T00:00:00.000Z"
"35","Group F","F","Netherlands","Sweden","2026-06-20","12:00","NRG Stadium","Houston","United States","America/Chicago","2026-06-20T17:00:00.000Z"
"36","Group F","F","Tunisia","Japan","2026-06-20","22:00","Estadio BBVA","Monterrey","Mexico","America/Mexico_City","2026-06-21T04:00:00.000Z"
"37","Group H","H","Uruguay","Cape Verde","2026-06-21","18:00","Hard Rock Stadium","Miami","United States","America/New_York","2026-06-21T22:00:00.000Z"
"38","Group H","H","Spain","Saudi Arabia","2026-06-21","12:00","Mercedes-Benz Stadium","Atlanta","United States","America/New_York","2026-06-21T16:00:00.000Z"
"39","Group G","G","Belgium","Iran","2026-06-21","12:00","SoFi Stadium","Los Angeles","United States","America/Los_Angeles","2026-06-21T19:00:00.000Z"
"40","Group G","G","New Zealand","Egypt","2026-06-21","18:00","BC Place","Vancouver","Canada","America/Vancouver","2026-06-22T01:00:00.000Z"
"41","Group I","I","Norway","Senegal","2026-06-22","20:00","MetLife Stadium","New York / New Jersey","United States","America/New_York","2026-06-23T00:00:00.000Z"
"42","Group I","I","France","Iraq","2026-06-22","17:00","Lincoln Financial Field","Philadelphia","United States","America/New_York","2026-06-22T21:00:00.000Z"
"43","Group J","J","Argentina","Austria","2026-06-22","12:00","AT&T Stadium","Dallas","United States","America/Chicago","2026-06-22T17:00:00.000Z"
"44","Group J","J","Jordan","Algeria","2026-06-22","20:00","Levi's Stadium","San Francisco Bay Area","United States","America/Los_Angeles","2026-06-23T03:00:00.000Z"
"45","Group L","L","England","Ghana","2026-06-23","16:00","Gillette Stadium","Boston","United States","America/New_York","2026-06-23T20:00:00.000Z"
"46","Group L","L","Panama","Croatia","2026-06-23","19:00","BMO Field","Toronto","Canada","America/Toronto","2026-06-23T23:00:00.000Z"
"47","Group K","K","Portugal","Uzbekistan","2026-06-23","12:00","NRG Stadium","Houston","United States","America/Chicago","2026-06-23T17:00:00.000Z"
"48","Group K","K","Colombia","DR Congo","2026-06-23","20:00","Estadio Akron","Guadalajara","Mexico","America/Mexico_City","2026-06-24T02:00:00.000Z"
"49","Group C","C","Scotland","Brazil","2026-06-24","18:00","Hard Rock Stadium","Miami","United States","America/New_York","2026-06-24T22:00:00.000Z"
"50","Group C","C","Morocco","Haiti","2026-06-24","18:00","Mercedes-Benz Stadium","Atlanta","United States","America/New_York","2026-06-24T22:00:00.000Z"
"51","Group B","B","Switzerland","Canada","2026-06-24","12:00","BC Place","Vancouver","Canada","America/Vancouver","2026-06-24T19:00:00.000Z"
"52","Group B","B","Bosnia and Herzegovina","Qatar","2026-06-24","12:00","Lumen Field","Seattle","United States","America/Los_Angeles","2026-06-24T19:00:00.000Z"
"53","Group A","A","Czechia","Mexico","2026-06-24","19:00","Estadio Azteca","Mexico City","Mexico","America/Mexico_City","2026-06-25T01:00:00.000Z"
"54","Group A","A","South Africa","Korea Republic","2026-06-24","19:00","Estadio BBVA","Monterrey","Mexico","America/Mexico_City","2026-06-25T01:00:00.000Z"
"55","Group E","E","Curacao","Ivory Coast","2026-06-25","16:00","Lincoln Financial Field","Philadelphia","United States","America/New_York","2026-06-25T20:00:00.000Z"
"56","Group E","E","Ecuador","Germany","2026-06-25","16:00","MetLife Stadium","New York / New Jersey","United States","America/New_York","2026-06-25T20:00:00.000Z"
"57","Group F","F","Japan","Sweden","2026-06-25","18:00","AT&T Stadium","Dallas","United States","America/Chicago","2026-06-25T23:00:00.000Z"
"58","Group F","F","Tunisia","Netherlands","2026-06-25","18:00","Arrowhead Stadium","Kansas City","United States","America/Chicago","2026-06-25T23:00:00.000Z"
"59","Group D","D","Turkiye","United States","2026-06-25","19:00","SoFi Stadium","Los Angeles","United States","America/Los_Angeles","2026-06-26T02:00:00.000Z"
"60","Group D","D","Paraguay","Australia","2026-06-25","19:00","Levi's Stadium","San Francisco Bay Area","United States","America/Los_Angeles","2026-06-26T02:00:00.000Z"
"61","Group I","I","Norway","France","2026-06-26","15:00","Gillette Stadium","Boston","United States","America/New_York","2026-06-26T19:00:00.000Z"
"62","Group I","I","Senegal","Iraq","2026-06-26","15:00","BMO Field","Toronto","Canada","America/Toronto","2026-06-26T19:00:00.000Z"
"63","Group G","G","Egypt","Iran","2026-06-26","20:00","Lumen Field","Seattle","United States","America/Los_Angeles","2026-06-27T03:00:00.000Z"
"64","Group G","G","New Zealand","Belgium","2026-06-26","20:00","BC Place","Vancouver","Canada","America/Vancouver","2026-06-27T03:00:00.000Z"
"65","Group H","H","Cape Verde","Saudi Arabia","2026-06-26","19:00","NRG Stadium","Houston","United States","America/Chicago","2026-06-27T00:00:00.000Z"
"66","Group H","H","Uruguay","Spain","2026-06-26","18:00","Estadio Akron","Guadalajara","Mexico","America/Mexico_City","2026-06-27T00:00:00.000Z"
"67","Group L","L","Panama","England","2026-06-27","17:00","MetLife Stadium","New York / New Jersey","United States","America/New_York","2026-06-27T21:00:00.000Z"
"68","Group L","L","Croatia","Ghana","2026-06-27","17:00","Lincoln Financial Field","Philadelphia","United States","America/New_York","2026-06-27T21:00:00.000Z"
"69","Group J","J","Algeria","Austria","2026-06-27","21:00","Arrowhead Stadium","Kansas City","United States","America/Chicago","2026-06-28T02:00:00.000Z"
"70","Group J","J","Jordan","Argentina","2026-06-27","21:00","AT&T Stadium","Dallas","United States","America/Chicago","2026-06-28T02:00:00.000Z"
"71","Group K","K","Colombia","Portugal","2026-06-27","19:30","Hard Rock Stadium","Miami","United States","America/New_York","2026-06-27T23:30:00.000Z"
"72","Group K","K","DR Congo","Uzbekistan","2026-06-27","19:30","Mercedes-Benz Stadium","Atlanta","United States","America/New_York","2026-06-27T23:30:00.000Z"
"73","Round of 32","","Group A runners-up","Group B runners-up","2026-06-28","12:00","SoFi Stadium","Los Angeles","United States","America/Los_Angeles","2026-06-28T19:00:00.000Z"
"74","Round of 32","","Group E winners","Group A/B/C/D/F third place","2026-06-29","16:30","Gillette Stadium","Boston","United States","America/New_York","2026-06-29T20:30:00.000Z"
"75","Round of 32","","Group F winners","Group C runners-up","2026-06-29","19:00","Estadio BBVA","Monterrey","Mexico","America/Mexico_City","2026-06-30T01:00:00.000Z"
"76","Round of 32","","Group C winners","Group F runners-up","2026-06-29","12:00","NRG Stadium","Houston","United States","America/Chicago","2026-06-29T17:00:00.000Z"
"77","Round of 32","","Group I winners","Group C/D/F/G/H third place","2026-06-30","17:00","MetLife Stadium","New York / New Jersey","United States","America/New_York","2026-06-30T21:00:00.000Z"
"78","Round of 32","","Group E runners-up","Group I runners-up","2026-06-30","12:00","AT&T Stadium","Dallas","United States","America/Chicago","2026-06-30T17:00:00.000Z"
"79","Round of 32","","Group A winners","Group C/E/F/H/I third place","2026-06-30","19:00","Estadio Azteca","Mexico City","Mexico","America/Mexico_City","2026-07-01T01:00:00.000Z"
"80","Round of 32","","Group L winners","Group E/H/I/J/K third place","2026-07-01","12:00","Mercedes-Benz Stadium","Atlanta","United States","America/New_York","2026-07-01T16:00:00.000Z"
"81","Round of 32","","Group D winners","Group B/E/F/I/J third place","2026-07-01","17:00","Levi's Stadium","San Francisco Bay Area","United States","America/Los_Angeles","2026-07-02T00:00:00.000Z"
"82","Round of 32","","Group G winners","Group A/E/H/I/J third place","2026-07-01","13:00","Lumen Field","Seattle","United States","America/Los_Angeles","2026-07-01T20:00:00.000Z"
"83","Round of 32","","Group K runners-up","Group L runners-up","2026-07-02","19:00","BMO Field","Toronto","Canada","America/Toronto","2026-07-02T23:00:00.000Z"
"84","Round of 32","","Group H winners","Group J runners-up","2026-07-02","12:00","SoFi Stadium","Los Angeles","United States","America/Los_Angeles","2026-07-02T19:00:00.000Z"
"85","Round of 32","","Group B winners","Group E/F/G/I/J third place","2026-07-02","20:00","BC Place","Vancouver","Canada","America/Vancouver","2026-07-03T03:00:00.000Z"
"86","Round of 32","","Group J winners","Group H runners-up","2026-07-03","18:00","Hard Rock Stadium","Miami","United States","America/New_York","2026-07-03T22:00:00.000Z"
"87","Round of 32","","Group K winners","Group D/E/I/J/L third place","2026-07-03","20:30","Arrowhead Stadium","Kansas City","United States","America/Chicago","2026-07-04T01:30:00.000Z"
"88","Round of 32","","Group D runners-up","Group G runners-up","2026-07-03","13:00","AT&T Stadium","Dallas","United States","America/Chicago","2026-07-03T18:00:00.000Z"
"89","Round of 16","","Winner Match 74","Winner Match 77","2026-07-04","17:00","Lincoln Financial Field","Philadelphia","United States","America/New_York","2026-07-04T21:00:00.000Z"
"90","Round of 16","","Winner Match 73","Winner Match 75","2026-07-04","12:00","NRG Stadium","Houston","United States","America/Chicago","2026-07-04T17:00:00.000Z"
"91","Round of 16","","Winner Match 76","Winner Match 78","2026-07-05","16:00","MetLife Stadium","New York / New Jersey","United States","America/New_York","2026-07-05T20:00:00.000Z"
"92","Round of 16","","Winner Match 79","Winner Match 80","2026-07-05","18:00","Estadio Azteca","Mexico City","Mexico","America/Mexico_City","2026-07-06T00:00:00.000Z"
"93","Round of 16","","Winner Match 83","Winner Match 84","2026-07-06","14:00","AT&T Stadium","Dallas","United States","America/Chicago","2026-07-06T19:00:00.000Z"
"94","Round of 16","","Winner Match 81","Winner Match 82","2026-07-06","17:00","Lumen Field","Seattle","United States","America/Los_Angeles","2026-07-07T00:00:00.000Z"
"95","Round of 16","","Winner Match 86","Winner Match 88","2026-07-07","12:00","Mercedes-Benz Stadium","Atlanta","United States","America/New_York","2026-07-07T16:00:00.000Z"
"96","Round of 16","","Winner Match 85","Winner Match 87","2026-07-07","13:00","BC Place","Vancouver","Canada","America/Vancouver","2026-07-07T20:00:00.000Z"
"97","Quarter-final","","Winner Match 89","Winner Match 90","2026-07-09","16:00","Gillette Stadium","Boston","United States","America/New_York","2026-07-09T20:00:00.000Z"
"98","Quarter-final","","Winner Match 93","Winner Match 94","2026-07-10","12:00","SoFi Stadium","Los Angeles","United States","America/Los_Angeles","2026-07-10T19:00:00.000Z"
"99","Quarter-final","","Winner Match 91","Winner Match 92","2026-07-11","17:00","Hard Rock Stadium","Miami","United States","America/New_York","2026-07-11T21:00:00.000Z"
"100","Quarter-final","","Winner Match 95","Winner Match 96","2026-07-11","20:00","Arrowhead Stadium","Kansas City","United States","America/Chicago","2026-07-12T01:00:00.000Z"
"101","Semi-final","","Winner Match 97","Winner Match 98","2026-07-14","14:00","AT&T Stadium","Dallas","United States","America/Chicago","2026-07-14T19:00:00.000Z"
"102","Semi-final","","Winner Match 99","Winner Match 100","2026-07-15","15:00","Mercedes-Benz Stadium","Atlanta","United States","America/New_York","2026-07-15T19:00:00.000Z"
"103","Third place","","Loser Match 101","Loser Match 102","2026-07-18","17:00","Hard Rock Stadium","Miami","United States","America/New_York","2026-07-18T21:00:00.000Z"
"104","Final","","Winner Match 101","Winner Match 102","2026-07-19","15:00","MetLife Stadium","New York / New Jersey","United States","America/New_York","2026-07-19T19:00:00.000Z"
