ESPN Futures Name,ESPN Schedule Name,Acronym,Conference,Helmet URL,Helmet Image,ESPN Power Index Team Name,CFD Name,,https://collegefootballdata.com/
Army Black KnightsARMY,Army,ARMY,AAC,http://www.nationalchamps.net/Helmet_Project/Army.gif,,Army Black Knights,Army,,
Charlotte 49ersCLT,Charlotte,CLT,AAC,http://www.nationalchamps.net/Helmet_Project/Charlotte.gif,,Charlotte 49ers,Charlotte,,
East Carolina PiratesECU,East Carolina,ECU,AAC,http://www.nationalchamps.net/Helmet_Project/East_Carolina_I.gif,,East Carolina Pirates,East Carolina,,
Florida Atlantic OwlsFAU,Florida Atlantic,FAU,AAC,http://www.nationalchamps.net/Helmet_Project/Florida_Atlantic_L.gif,,Florida Atlantic Owls,Florida Atlantic,,
Memphis TigersMEM,Memphis,MEM,AAC,http://www.nationalchamps.net/Helmet_Project/Memphis_BE.gif,,Memphis Tigers,Memphis,,
Navy MidshipmenNAVY,Navy,NAVY,AAC,http://www.nationalchamps.net/Helmet_Project/Navy.gif,,Navy Midshipmen,Navy,,
North Texas Mean GreenUNT,North Texas,UNT,AAC,http://www.nationalchamps.net/Helmet_Project/North_Texas_Q.gif,,North Texas Mean Green,North Texas,,
Rice OwlsRICE,Rice,RICE,AAC,http://www.nationalchamps.net/Helmet_Project/Rice_O.gif,,Rice Owls,Rice,,
South Florida BullsUSF,South Florida,USF,AAC,http://www.nationalchamps.net/Helmet_Project/South_Florida_S.gif,,South Florida Bulls,South Florida,,
Temple OwlsTEM,Temple,TEM,AAC,http://www.nationalchamps.net/Helmet_Project/Temple_AL.gif,,Temple Owls,Temple,,
Tulane Green WaveTULN,Tulane,TULN,AAC,http://www.nationalchamps.net/Helmet_Project/Tulane_N.gif,,Tulane Green Wave,Tulane,,
Tulsa Golden HurricaneTLSA,Tulsa,TLSA,AAC,http://www.nationalchamps.net/Helmet_Project/Tulsa_L.gif,,Tulsa Golden Hurricane,Tulsa,,
UAB BlazersUAB,UAB,UAB,AAC,http://www.nationalchamps.net/Helmet_Project/UAB_E.gif,,UAB Blazers,UAB,,
UTSA RoadrunnersUTSA,UTSA,UTSA,AAC,http://www.nationalchamps.net/Helmet_Project/UTSA_K.gif,,UTSA Roadrunners,UTSA,,
Boston College EaglesBC,Boston College,BC,ACC,http://www.nationalchamps.net/Helmet_Project/Boston_College_OLD3.gif,,Boston College Eagles,Boston College,,
California Golden BearsCAL,California,CAL,ACC,http://www.nationalchamps.net/Helmet_Project/California_OLD11.gif,,California Golden Bears,California,,
Clemson TigersCLEM,Clemson,CLEM,ACC,http://www.nationalchamps.net/Helmet_Project/Clemson.gif,,Clemson Tigers,Clemson,,
Duke Blue DevilsDUKE,Duke,DUKE,ACC,http://www.nationalchamps.net/Helmet_Project/Duke_F.gif,,Duke Blue Devils,Duke,,
Florida State SeminolesFSU,Florida State,FSU,ACC,http://www.nationalchamps.net/Helmet_Project/Florida_St.gif,,Florida State Seminoles,Florida State,,
Georgia Tech Yellow JacketsGT,Georgia Tech,GT,ACC,http://www.nationalchamps.net/Helmet_Project/Georgia_Tech.gif,,Georgia Tech Yellow Jackets,Georgia Tech,,
Louisville CardinalsLOU,Louisville,LOU,ACC,http://www.nationalchamps.net/Helmet_Project/Louisville_J.gif,,Louisville Cardinals,Louisville,,
Miami HurricanesMIA,Miami,MIA,ACC,http://www.nationalchamps.net/Helmet_Project/Miami_FL.gif,,Miami Hurricanes,Miami,,
NC State WolfpackNCSU,NC State,NCSU,ACC,http://www.nationalchamps.net/Helmet_Project/North_Carolina_St_U.gif,,NC State Wolfpack,NC State,,
North Carolina Tar HeelsUNC,North Carolina,UNC,ACC,http://www.nationalchamps.net/Helmet_Project/North_Carolina_M.gif,,North Carolina Tar Heels,North Carolina,,
Pittsburgh PanthersPITT,Pittsburgh,PITT,ACC,http://www.nationalchamps.net/Helmet_Project/Pittsburgh_D.gif,,Pittsburgh Panthers,Pittsburgh,,
SMU MustangsSMU,SMU,SMU,ACC,http://www.nationalchamps.net/Helmet_Project/Southern_Methodist_OLD2.gif,,SMU Mustangs,SMU,,
Stanford CardinalSTAN,Stanford,STAN,ACC,http://www.nationalchamps.net/Helmet_Project/Stanford_D.gif,,Stanford Cardinal,Stanford,,
Syracuse OrangeSYR,Syracuse,SYR,ACC,http://www.nationalchamps.net/Helmet_Project/Syracuse.gif,,Syracuse Orange,Syracuse,,
Virginia CavaliersUVA,Virginia,UVA,ACC,http://www.nationalchamps.net/Helmet_Project/Virginia_P.gif,,Virginia Cavaliers,Virginia,,
Virginia Tech HokiesVT,Virginia Tech,VT,ACC,http://www.nationalchamps.net/Helmet_Project/Virginia_Tech.gif,,Virginia Tech Hokies,Virginia Tech,,
Wake Forest Demon DeaconsWAKE,Wake Forest,WAKE,ACC,http://www.nationalchamps.net/Helmet_Project/Wake_Forest.gif,,Wake Forest Demon Deacons,Wake Forest,,
Illinois Fighting IlliniILL,Illinois,ILL,B10,http://www.nationalchamps.net/Helmet_Project/Illinois.gif,,Illinois Fighting Illini,Illinois,,
Indiana HoosiersIU,Indiana,IU,B10,http://www.nationalchamps.net/Helmet_Project/Indiana_R.gif,,Indiana Hoosiers,Indiana,,
Iowa HawkeyesIOWA,Iowa,IOWA,B10,http://www.nationalchamps.net/Helmet_Project/Iowa.gif,,Iowa Hawkeyes,Iowa,,
Maryland TerrapinsMD,Maryland,MD,B10,http://www.nationalchamps.net/Helmet_Project/Maryland_OLD12.gif,,Maryland Terrapins,Maryland,,
Michigan WolverinesMICH,Michigan,MICH,B10,http://www.nationalchamps.net/Helmet_Project/Michigan.gif,,Michigan Wolverines,Michigan,,
Michigan State SpartansMSU,Michigan State,MSU,B10,http://www.nationalchamps.net/Helmet_Project/Michigan_St_S.gif,,Michigan State Spartans,Michigan State,,
Minnesota Golden GophersMINN,Minnesota,MINN,B10,http://www.nationalchamps.net/Helmet_Project/Minnesota_BB.gif,,Minnesota Golden Gophers,Minnesota,,
Nebraska CornhuskersNEB,Nebraska,NEB,B10,http://www.nationalchamps.net/Helmet_Project/Nebraska.gif,,Nebraska Cornhuskers,Nebraska,,
Northwestern WildcatsNU,Northwestern,NU,B10,http://www.nationalchamps.net/Helmet_Project/Northwestern_V.gif,,Northwestern Wildcats,Northwestern,,
Ohio State BuckeyesOSU,Ohio State,OSU,B10,http://www.nationalchamps.net/Helmet_Project/Ohio_St.gif,,Ohio State Buckeyes,Ohio State,,
Oregon DucksORE,Oregon,ORE,B10,http://www.nationalchamps.net/Helmet_Project/Oregon.gif,,Oregon Ducks,Oregon,,
Penn State Nittany LionsPSU,Penn State,PSU,B10,http://www.nationalchamps.net/Helmet_Project/Penn_St.gif,,Penn State Nittany Lions,Penn State,,
Purdue BoilermakersPUR,Purdue,PUR,B10,http://www.nationalchamps.net/Helmet_Project/Purdue_U.gif,,Purdue Boilermakers,Purdue,,
Rutgers Scarlet KnightsRUTG,Rutgers,RUTG,B10,http://www.nationalchamps.net/Helmet_Project/Rutgers.gif,,Rutgers Scarlet Knights,Rutgers,,
UCLA BruinsUCLA,UCLA,UCLA,B10,http://www.nationalchamps.net/Helmet_Project/UCLA_B.gif,,UCLA Bruins,UCLA,,
USC TrojansUSC,USC,USC,B10,http://www.nationalchamps.net/Helmet_Project/Southern_California.gif,,USC Trojans,USC,,
Washington HuskiesWASH,Washington,WASH,B10,http://www.nationalchamps.net/Helmet_Project/Washington.gif,,Washington Huskies,Washington,,
Wisconsin BadgersWIS,Wisconsin,WIS,B10,http://www.nationalchamps.net/Helmet_Project/Wisconsin.gif,,Wisconsin Badgers,Wisconsin,,
Arizona WildcatsARIZ,Arizona,ARIZ,B12,http://www.nationalchamps.net/Helmet_Project/Arizona.gif,,Arizona Wildcats,Arizona,,
Arizona State Sun DevilsASU,Arizona State,ASU,B12,http://www.nationalchamps.net/Helmet_Project/Arizona_St_OLD11.gif,,Arizona State Sun Devils,Arizona State,,
Baylor BearsBAY,Baylor,BAY,B12,http://www.nationalchamps.net/Helmet_Project/Baylor_R.gif,,Baylor Bears,Baylor,,
BYU CougarsBYU,BYU,BYU,B12,http://www.nationalchamps.net/Helmet_Project/BYU_B.gif,,BYU Cougars,BYU,,
Cincinnati BearcatsCIN,Cincinnati,CIN,B12,http://www.nationalchamps.net/Helmet_Project/Cincinnati.gif,,Cincinnati Bearcats,Cincinnati,,
Colorado BuffaloesCOLO,Colorado,COLO,B12,http://www.nationalchamps.net/Helmet_Project/Colorado.gif,,Colorado Buffaloes,Colorado,,
Houston CougarsHOU,Houston,HOU,B12,http://www.nationalchamps.net/Helmet_Project/Houston_R.gif,,Houston Cougars,Houston,,
Iowa State CyclonesISU,Iowa State,ISU,B12,http://www.nationalchamps.net/Helmet_Project/Iowa_St_I.gif,,Iowa State Cyclones,Iowa State,,
Kansas JayhawksKU,Kansas,KU,B12,http://www.nationalchamps.net/Helmet_Project/Kansas_AB.gif,,Kansas Jayhawks,Kansas,,
Kansas State WildcatsKSU,Kansas State,KSU,B12,http://www.nationalchamps.net/Helmet_Project/Kansas_St.gif,,Kansas State Wildcats,Kansas State,,
Oklahoma State CowboysOKST,Oklahoma State,OKST,B12,http://www.nationalchamps.net/Helmet_Project/Oklahoma_St_AE.gif,,Oklahoma State Cowboys,Oklahoma State,,
TCU Horned FrogsTCU,TCU,TCU,B12,http://www.nationalchamps.net/Helmet_Project/Texas_Christian_K.gif,,TCU Horned Frogs,TCU,,
Texas Tech Red RaidersTTU,Texas Tech,TTU,B12,http://www.nationalchamps.net/Helmet_Project/Texas_Tech_A.gif,,Texas Tech Red Raiders,Texas Tech,,
UCF KnightsUCF,UCF,UCF,B12,http://www.nationalchamps.net/Helmet_Project/Central_Florida.gif,,UCF Knights,UCF,,
Utah UtesUTAH,Utah,UTAH,B12,http://www.nationalchamps.net/Helmet_Project/Utah.gif,,Utah Utes,Utah,,
West Virginia MountaineersWVU,West Virginia,WVU,B12,http://www.nationalchamps.net/Helmet_Project/West_Virginia.gif,,West Virginia Mountaineers,West Virginia,,
Eastern Washington,Eastern Washington,Eastern Washington,Big Sky,http://www.nationalchamps.net/Helmet_Project/Eastern_Washington_H.gif,,,Eastern Washington,,
Portland State UniversityPORTST,Portland State,PORTST,Big Sky,http://www.nationalchamps.net/Helmet_Project/Portland_St_H.gif,,,Portland State,,
Monmouth,Monmouth,Monmouth,CAA,http://www.nationalchamps.net/Helmet_Project/Monmouth_NJ.gif,,,Monmouth,,
VillanovaNOVA,Villanova,NOVA,CAA,http://www.nationalchamps.net/Helmet_Project/Villanova.gif,,,Villanova,,
Massachusetts MinutemenMASS,Massachusetts,MASS,Independent,http://www.nationalchamps.net/Helmet_Project/Massachusetts_L.gif,,Massachusetts Minutemen,Massachusetts,,
Notre Dame Fighting IrishND,Notre Dame,ND,Independent,http://www.nationalchamps.net/Helmet_Project/Notre_Dame_OLD1.gif,,Notre Dame Fighting Irish,Notre Dame,,
UConn HuskiesCONN,UConn,CONN,Independent,http://www.nationalchamps.net/Helmet_Project/Connecticut_K.gif,,UConn Huskies,UConn,,
Akron ZipsAKR,Akron,AKR,MAC,http://www.nationalchamps.net/Helmet_Project/Akron_AI.gif,,Akron Zips,Akron,,
Ball State CardinalsBALL,Ball State,BALL,MAC,http://www.nationalchamps.net/Helmet_Project/Ball_State_U.gif,,Ball State Cardinals,Ball State,,
Bowling Green FalconsBGSU,Bowling Green,BGSU,MAC,http://www.nationalchamps.net/Helmet_Project/Bowling_Green_I.gif,,Bowling Green Falcons,Bowling Green,,
Buffalo BullsBUFF,Buffalo,BUFF,MAC,http://www.nationalchamps.net/Helmet_Project/Buffalo_AI.gif,,Buffalo Bulls,Buffalo,,
Central Michigan ChippewasCMU,Central Michigan,CMU,MAC,http://www.nationalchamps.net/Helmet_Project/Central_Michigan_A.gif,,Central Michigan Chippewas,Central Michigan,,
Eastern Michigan EaglesEMU,Eastern Michigan,EMU,MAC,http://www.nationalchamps.net/Helmet_Project/Eastern_Michigan_L.gif,,Eastern Michigan Eagles,Eastern Michigan,,
Kent State Golden FlashesKENT,Kent State,KENT,MAC,http://www.nationalchamps.net/Helmet_Project/Kent_St_AF.gif,,Kent State Golden Flashes,Kent State,,
Miami (OH) RedHawksM-OH,Miami (OH),OH,MAC,http://www.nationalchamps.net/Helmet_Project/Miami_OH_AF.gif,,Miami (OH) RedHawks,Miami (OH),,
Northern Illinois HuskiesNIU,Northern Illinois,NIU,MAC,http://www.nationalchamps.net/Helmet_Project/Northern_Illinois_OLD13.gif,,Northern Illinois Huskies,Northern Illinois,,
Ohio BobcatsOHIO,Ohio,OHIO,MAC,http://www.nationalchamps.net/Helmet_Project/Ohio_N.gif,,Ohio Bobcats,Ohio,,
Toledo RocketsTOL,Toledo,TOL,MAC,http://www.nationalchamps.net/Helmet_Project/Toledo_OLD10.gif,,Toledo Rockets,Toledo,,
Western Michigan BroncosWMU,Western Michigan,WMU,MAC,http://www.nationalchamps.net/Helmet_Project/Western_Michigan_BB.gif,,Western Michigan Broncos,Western Michigan,,
Morgan State,Morgan State,Morgan State,MEAC,http://www.nationalchamps.net/Helmet_Project/Morgan_St_H.gif,,,Morgan State,,
North Carolina Central,North Carolina Central,North Carolina Central,MEAC,http://www.nationalchamps.net/Helmet_Project/North_Carolina_Central_D.gif,,North Carolina Tar Heels,North Carolina Central,,
South Carolina State,South Carolina State,South Carolina State,MEAC,http://www.nationalchamps.net/Helmet_Project/South_Carolina_St.gif,,,South Carolina State,,
Northern Iowa,Northern Iowa,Northern Iowa,MVFC,http://www.nationalchamps.net/Helmet_Project/Northern_Iowa_2022.gif,,,Northern Iowa,,
Youngstown StateYSU,Youngstown State,YSU,MVFC,http://www.nationalchamps.net/Helmet_Project/Youngstown_St_G.gif,,,Youngstown State,,
Air Force FalconsAFA,Air Force,AFA,MW,http://www.nationalchamps.net/Helmet_Project/Air_Force_L.gif,,Air Force Falcons,Air Force,,
Boise State BroncosBOIS,Boise State,BOIS,MW,http://www.nationalchamps.net/Helmet_Project/Boise_St_X.gif,,Boise State Broncos,Boise State,,
Colorado State RamsCSU,Colorado State,CSU,MW,http://www.nationalchamps.net/Helmet_Project/Colorado_St_D.gif,,Colorado State Rams,Colorado State,,
Fresno State BulldogsFRES,Fresno State,FRES,MW,http://www.nationalchamps.net/Helmet_Project/Fresno_St_I.gif,,Fresno State Bulldogs,Fresno State,,
Hawai'i Rainbow WarriorsHAW,Hawaii,HAW,MW,http://www.nationalchamps.net/Helmet_Project/Hawaii_G.gif,,Hawai'i Rainbow Warriors,,,
Nevada Wolf PackNEV,Nevada,NEV,MW,http://www.nationalchamps.net/Helmet_Project/Nevada_Q.gif,,Nevada Wolf Pack,Nevada,,
New Mexico LobosUNM,New Mexico,UNM,MW,http://www.nationalchamps.net/Helmet_Project/New_Mexico_OLD20.gif,,New Mexico Lobos,New Mexico,,
San Diego State AztecsSDSU,San Diego State,SDSU,MW,http://www.nationalchamps.net/Helmet_Project/San_Diego_St.gif,,San Diego State Aztecs,San Diego State,,
San José State SpartansSJSU,San José State,SJSU,MW,http://www.nationalchamps.net/Helmet_Project/San_Jose_St_E.gif,,San José State Spartans,San José State,,
UNLV RebelsUNLV,UNLV,UNLV,MW,http://www.nationalchamps.net/Helmet_Project/UNLV_Z.gif,,UNLV Rebels,UNLV,,
Utah State AggiesUSU,Utah State,USU,MW,http://www.nationalchamps.net/Helmet_Project/Utah_St_A.gif,,Utah State Aggies,Utah State,,
Wyoming CowboysWYO,Wyoming,WYO,MW,http://www.nationalchamps.net/Helmet_Project/Wyoming_OLD5.gif,,Wyoming Cowboys,Wyoming,,
Central Connecticut,Central Connecticut,Central Connecticut,NEC,http://www.nationalchamps.net/Helmet_Project/Central_Connecticut_St_2023.gif,,,Central Connecticut,,
St. Francis (PA),St. Francis (PA),St. Francis (PA),NEC,http://www.nationalchamps.net/Helmet_Project/St_Francis_PA_2022.gif,,,St. Francis (PA),,
Wagner,Wagner,Wagner,NEC,http://www.nationalchamps.net/Helmet_Project/Wagner_2023.gif,,,Wagner,,
Eastern Illinois,Eastern Illinois,EIU,OVC,http://www.nationalchamps.net/Helmet_Project/Eastern_Illinois_2023.gif,,,Eastern Illinois,,
Gardner-Webb,Gardner-Webb,Gardner-Webb,OVC,http://www.nationalchamps.net/Helmet_Project/Gardner-Webb_2022.gif,,,Gardner-Webb,,
Tennessee Tech,Tennessee Tech,Tennessee Tech,OVC,http://www.nationalchamps.net/Helmet_Project/Tennessee_Tech_M.gif,,,Tennessee Tech,,
UT Martin,UT Martin,UT Martin,OVC,http://www.nationalchamps.net/Helmet_Project/Tennessee-Martin.gif,,,UT Martin,,
Murray State,Murray State,MUR,OVC,http://www.nationalchamps.net/Helmet_Project/Murray_St.gif,,,Murray State,,
Oregon State BeaversORST,Oregon State,ORST,P12,http://www.nationalchamps.net/Helmet_Project/Oregon_St_K.gif,,Oregon State Beavers,Oregon State,,
Washington State CougarsWSU,Washington State,WSU,P12,http://www.nationalchamps.net/Helmet_Project/Washington_St_AWAY.gif,,Washington State Cougars,Washington State,,
Colgate,Colgate,Colgate,Patriot,http://www.nationalchamps.net/Helmet_Project/Colgate_J.gif,,,Colgate,,
Holy Cross,Holy Cross,HOLY,Patriot,http://www.nationalchamps.net/Helmet_Project/Holy_Cross.gif,,,Holy Cross,,
Lehigh,Lehigh,LEH,Patriot,http://www.nationalchamps.net/Helmet_Project/Lehigh.gif,,,Lehigh,,
App State MountaineersAPP,App State,APP,SBC,http://www.nationalchamps.net/Helmet_Project/Appalachian_St_K.gif,,App State Mountaineers,App State,,
Arkansas State Red WolvesARST,Arkansas State,ARST,SBC,http://www.nationalchamps.net/Helmet_Project/Arkansas_St_AO.gif,,Arkansas State Red Wolves,Arkansas State,,
Coastal Carolina ChanticleersCCU,Coastal Carolina,CCU,SBC,http://www.nationalchamps.net/Helmet_Project/Coastal_Carolina_E.gif,,Coastal Carolina Chanticleers,Coastal Carolina,,
Georgia Southern EaglesGASO,Georgia Southern,GASO,SBC,http://www.nationalchamps.net/Helmet_Project/Georgia_Southern1.gif,,Georgia Southern Eagles,Georgia Southern,,
Georgia State PanthersGAST,Georgia State,GAST,SBC,http://www.nationalchamps.net/Helmet_Project/Georgia_St_M.gif,,Georgia State Panthers,Georgia State,,
James Madison DukesJMU,James Madison,JMU,SBC,http://www.nationalchamps.net/Helmet_Project/James_Madison_M.gif,,James Madison Dukes,James Madison,,
Louisiana Ragin' CajunsUL,Louisiana,UL,SBC,http://www.nationalchamps.net/Helmet_Project/Louisiana_X.gif,,Louisiana Ragin' Cajuns,Louisiana,,
Marshall Thundering HerdMRSH,Marshall,MRSH,SBC,http://www.nationalchamps.net/Helmet_Project/Marshall.gif,,Marshall Thundering Herd,Marshall,,
Old Dominion MonarchsODU,Old Dominion,ODU,SBC,http://www.nationalchamps.net/Helmet_Project/Old_Dominion_E.gif,,Old Dominion Monarchs,Old Dominion,,
South Alabama JaguarsUSA,South Alabama,USA,SBC,http://www.nationalchamps.net/Helmet_Project/South_Alabama_L.gif,,South Alabama Jaguars,South Alabama,,
Southern Miss Golden EaglesUSM,Southern Miss,USM,SBC,http://www.nationalchamps.net/Helmet_Project/Southern_Mississippi_V.gif,,Southern Miss Golden Eagles,Southern Miss,,
Texas State BobcatsTXST,Texas State,TXST,SBC,http://www.nationalchamps.net/Helmet_Project/Texas_St_AP.gif,,Texas State Bobcats,Texas State,,
Troy TrojansTROY,Troy,TROY,SBC,http://www.nationalchamps.net/Helmet_Project/Troy_K.gif,,Troy Trojans,Troy,,
UL Monroe WarhawksULM,UL Monroe,ULM,SBC,http://www.nationalchamps.net/Helmet_Project/ULM_Q.gif,,UL Monroe Warhawks,UL Monroe,,
Alabama Crimson TideALA,Alabama,ALA,SEC,http://www.nationalchamps.net/Helmet_Project/Alabama.gif,,Alabama Crimson Tide,Alabama,,
Arkansas RazorbacksARK,Arkansas,ARK,SEC,http://www.nationalchamps.net/Helmet_Project/Arkansas.gif,,Arkansas Razorbacks,Arkansas,,
Auburn TigersAUB,Auburn,AUB,SEC,http://www.nationalchamps.net/Helmet_Project/Auburn.gif,,Auburn Tigers,Auburn,,
Florida GatorsFLA,Florida,FLA,SEC,http://www.nationalchamps.net/Helmet_Project/Florida.gif,,Florida Gators,Florida,,
Georgia BulldogsUGA,Georgia,UGA,SEC,http://www.nationalchamps.net/Helmet_Project/Georgia.gif,,Georgia Bulldogs,Georgia,,
Kentucky WildcatsUK,Kentucky,UK,SEC,http://www.nationalchamps.net/Helmet_Project/Kentucky_I.gif,,Kentucky Wildcats,Kentucky,,
LSU TigersLSU,LSU,LSU,SEC,http://www.nationalchamps.net/Helmet_Project/LSU.gif,,LSU Tigers,LSU,,
Mississippi State BulldogsMSST,Mississippi State,MSST,SEC,http://www.nationalchamps.net/Helmet_Project/Mississippi_St_O.gif,,Mississippi State Bulldogs,Mississippi State,,
Missouri TigersMIZ,Missouri,MIZ,SEC,http://www.nationalchamps.net/Helmet_Project/Missouri_AA.gif,,Missouri Tigers,Missouri,,
Oklahoma SoonersOU,Oklahoma,OU,SEC,http://www.nationalchamps.net/Helmet_Project/Oklahoma.gif,,Oklahoma Sooners,Oklahoma,,
Ole Miss RebelsMISS,Ole Miss,MISS,SEC,http://www.nationalchamps.net/Helmet_Project/Mississippi_OLD1.gif,,Ole Miss Rebels,Ole Miss,,
South Carolina GamecocksSC,South Carolina,SC,SEC,http://www.nationalchamps.net/Helmet_Project/South_Carolina_F.gif,,South Carolina Gamecocks,South Carolina,,
Tennessee VolunteersTENN,Tennessee,TENN,SEC,http://www.nationalchamps.net/Helmet_Project/Tennessee.gif,,Tennessee Volunteers,Tennessee,,
Texas LonghornsTEX,Texas,TEX,SEC,http://www.nationalchamps.net/Helmet_Project/Texas.gif,,Texas Longhorns,Texas,,
Texas A&M AggiesTA&M,Texas A&M,TA&M,SEC,http://www.nationalchamps.net/Helmet_Project/Texas_AM_A.gif,,Texas A&M Aggies,Texas A&M,,
Vanderbilt CommodoresVAN,Vanderbilt,VAN,SEC,http://www.nationalchamps.net/Helmet_Project/Vanderbilt_E.gif,,Vanderbilt Commodores,Vanderbilt,,
Mercer,Mercer,Mercer,Southern,http://www.nationalchamps.net/Helmet_Project/Mercer_B.gif,,,Mercer,,
VMI,VMI,VMI,Southern,http://www.nationalchamps.net/Helmet_Project/VMI_2022.gif,,,VMI,,
Houston Christian,Houston Christian,Houston Christian,Southland,http://www.nationalchamps.net/Helmet_Project/Houston_Christian_H.gif,,,Houston Christian,,
Northwestern State,Northwestern State,Northwestern State,Southland,http://www.nationalchamps.net/Helmet_Project/Northwestern_St_F.gif,,,Northwestern State,,
Bethune-Cookman,Bethune-Cookman,Bethune-Cookman,SWAC,http://www.nationalchamps.net/Helmet_Project/Bethune-Cookman_AI.gif,,,Bethune-Cookman,,
Florida A&M,Florida A&M,FA&M,SWAC,http://www.nationalchamps.net/Helmet_Project/Florida_A_M.gif,,,Florida A&M,,
Prairie View A&M,Prairie View A&M,PVAMU,SWAC,http://www.nationalchamps.net/Helmet_Project/Prairie_View_AM_Q.gif,,,Prairie View A&M,,
Florida International PanthersFIU,Florida International,FIU,USA,http://www.nationalchamps.net/Helmet_Project/Florida_International_T.gif,,Florida International Panthers,Florida International,,
Jacksonville State GamecocksJVST,Jacksonville State,JVST,USA,http://www.nationalchamps.net/Helmet_Project/Jacksonville_St_G.gif,,Jacksonville State Gamecocks,Jacksonville State,,
Kennesaw State,Kennesaw State,Kennesaw State,USA,http://www.nationalchamps.net/Helmet_Project/Kennesaw_St.gif,,Kennesaw State Owls,Kennesaw State,,
Liberty FlamesLIB,Liberty,LIB,USA,http://www.nationalchamps.net/Helmet_Project/Liberty_J.gif,,Liberty Flames,Liberty,,
Louisiana Tech BulldogsLT,Louisiana Tech,LT,USA,http://www.nationalchamps.net/Helmet_Project/Louisiana_Tech_G.gif,,Louisiana Tech Bulldogs,Louisiana Tech,,
Middle Tennessee Blue RaidersMTSU,Middle Tennessee,MTSU,USA,http://www.nationalchamps.net/Helmet_Project/Middle_Tennessee_St_Z.gif,,Middle Tennessee Blue Raiders,Middle Tennessee,,
New Mexico State AggiesNMSU,New Mexico State,NMSU,USA,http://www.nationalchamps.net/Helmet_Project/New_Mexico_St_G.gif,,New Mexico State Aggies,New Mexico State,,
Sam Houston BearkatsSHSU,Sam Houston,SHSU,USA,http://www.nationalchamps.net/Helmet_Project/Sam_Houston_St_2020.gif,,Sam Houston Bearkats,Sam Houston,,
UTEP MinersUTEP,UTEP,UTEP,USA,http://www.nationalchamps.net/Helmet_Project/UTEP_R.gif,,UTEP Miners,UTEP,,
Western Kentucky HilltoppersWKU,Western Kentucky,WKU,USA,http://www.nationalchamps.net/Helmet_Project/Western_Kentucky_V.gif,,Western Kentucky Hilltoppers,Western Kentucky,,
Chattanooga,Chattanooga,UTC,,http://www.nationalchamps.net/Helmet_Project/Chattanooga.gif,,,Chattanooga,,
Furman,Furman,FUR,,http://www.nationalchamps.net/Helmet_Project/Furman.gif,,,Furman,,
Lindenwood,Lindenwood,LIN,,http://www.nationalchamps.net/Helmet_Project/Lindenwood.gif,,,Lindenwood,,
Elon,Elon,ELON,,http://www.nationalchamps.net/Helmet_Project/Elon.gif,,,Elon,,
Merrimack,Merrimack,MRMK,,http://www.nationalchamps.net/Helmet_Project/Merrimack.gif,,,Merrimack,,
Howard,Howard,HOW,,http://www.nationalchamps.net/Helmet_Project/Howard.gif,,,Howard,,
Duquesne,Duquesne,DUQ,,http://www.nationalchamps.net/Helmet_Project/Duquesne.gif,,,Duquesne,,
Grambling,Grambling,GRAM,,http://www.nationalchamps.net/Helmet_Project/Grambling.gif,,,Grambling,,
Lafayette,Lafayette,LAF,,http://www.nationalchamps.net/Helmet_Project/Lafayette.gif,,,Lafayette,,
Richmond,Richmond,RICH,,http://www.nationalchamps.net/Helmet_Project/Richmond.gif,,,Richmond,,
Idaho,Idaho,IDHO,,http://www.nationalchamps.net/Helmet_Project/Idaho.gif,,,Idaho,,
Fordham,Fordham,FOR,,http://www.nationalchamps.net/Helmet_Project/Fordham.gif,,,Fordham,,
Towson,Towson,TOW,,http://www.nationalchamps.net/Helmet_Project/Towson.gif,,,Towson,,
Bucknell,Bucknell,BUCK,,http://www.nationalchamps.net/Helmet_Project/Bucknell.gif,,,Bucknell,,
Campbell,Campbell,CAM,,http://www.nationalchamps.net/Helmet_Project/Campbell.gif,,,Campbell,,
Lamar,Lamar,LAM,,http://www.nationalchamps.net/Helmet_Project/Lamar.gif,,,Lamar,,
Duquesne,Duquesne,DUQ,,http://www.nationalchamps.net/Helmet_Project/Duquesne.gif,,,Duquesne,,
Samford,Samford,SAM,,http://www.nationalchamps.net/Helmet_Project/Samford.gif,,,Samford,,
Idaho,Idaho,WYO,,http://www.nationalchamps.net/Helmet_Project/Idaho.gif,,,Idaho,,
Merrimack,Merrimack,MRMK,,http://www.nationalchamps.net/Helmet_Project/Merrimack.gif,,,Merrimack,,
Maine,Maine,UOM,,http://www.nationalchamps.net/Helmet_Project/Maine.gif,,,Maine,,
Merrimack,Merrimack,MRMK,,http://www.nationalchamps.net/Helmet_Project/Merrimack.gif,,,Merrimack,,
Southern Utah,Southern Utah,SUU,,http://www.nationalchamps.net/Helmet_Project/Southern Utah.gif,,,Southern Utah,,
Arkansas-Pine Bluff,Arkansas-Pine Bluff,UAPB,,http://www.nationalchamps.net/Helmet_Project/Arkansas-Pine Bluff.gif,,,Arkansas-Pine Bluff,,
SE Louisiana,SE Louisiana,SELA,,http://www.nationalchamps.net/Helmet_Project/Southeastern_Louisiana_2021.gif,,,SE Louisiana,,
Illinois State,Illinois State,ILST,MVFC,http://www.nationalchamps.net/Helmet_Project/Illinois_St.gif,,,Illinois State,,
Austin Peay,Austin Peay,APSU,,http://www.nationalchamps.net/Helmet_Project/Austin_Peay_L.gif,,,Austin Peay,,
Indiana State,Indiana State,INST,,http://www.nationalchamps.net/Helmet_Project/Indiana State.gif,,,Indiana State,,
North Alabama,North Alabama,UNA,,http://www.nationalchamps.net/Helmet_Project/North Alabama.gif,,,North Alabama,,
New Hampshire,New Hampshire,UNH,,http://www.nationalchamps.net/Helmet_Project/New Hampshire.gif,,,New Hampshire,,
Alcorn State,Alcorn State,ALCN,,http://www.nationalchamps.net/Helmet_Project/Alcorn State.gif,,,Alcorn State,,
North Dakota,North Dakota,UND,,http://www.nationalchamps.net/Helmet_Project/North Dakota.gif,,,North Dakota,,
Stony Brook,Stony Brook,STBK,,http://www.nationalchamps.net/Helmet_Project/Stony Brook.gif,,,Stony Brook,,
Norfolk State,Norfolk State,NORF,,http://www.nationalchamps.net/Helmet_Project/Norfolk State.gif,,,Norfolk State,,
Tarleton State,Tarleton State,TAR,,http://www.nationalchamps.net/Helmet_Project/Tarleton State.gif,,,Tarleton State,,
Alabama A&M,Alabama A&M,AAMU,SWAC,http://www.nationalchamps.net/Helmet_Project/Alabama_AM.gif,,,Alabama A&M,,
Weber State,Weber State,WEB,,http://www.nationalchamps.net/Helmet_Project/Weber State.gif,,,Weber State,,
Eastern Kentucky,Eastern Kentucky,EKU,,http://www.nationalchamps.net/Helmet_Project/Eastern Kentucky.gif,,,Eastern Kentucky,,
East Tennessee State,East Tennessee State,ETSU,,http://www.nationalchamps.net/Helmet_Project/East_Tennessee_St.gif,,,East Tennessee State,,
North Carolina A&T,North Carolina A&T,NCAT,,http://www.nationalchamps.net/Helmet_Project/North Carolina A&T.gif,,,North Carolina A&T,,
UC Davis,UC Davis,UCD,Big Sky,http://www.nationalchamps.net/Helmet_Project/UC_Davis_C.gif,,,UC Davis,,
Southern Illinois,Southern Illinois,SIU,,http://www.nationalchamps.net/Helmet_Project/Southern Illinois.gif,,,Southern Illinois,,
Delaware State,Delaware State,DSU,,http://www.nationalchamps.net/Helmet_Project/Delaware State.gif,,,Delaware State,,
Jackson State,Jackson State,JKST,,http://www.nationalchamps.net/Helmet_Project/Jackson State.gif,,,Jackson State,,
Texas A&M-Commerce,Texas A&M-Commerce,TAMC,,http://www.nationalchamps.net/Helmet_Project/Texas A&M-Commerce.gif,,,,,
Robert Morris,Robert Morris,RMU,,http://www.nationalchamps.net/Helmet_Project/Robert Morris.gif,,,Robert Morris,,
Western Illinois,Western Illinois,WIU,,http://www.nationalchamps.net/Helmet_Project/Western Illinois.gif,,,Western Illinois,,
Idaho State,Idaho State,IDST,,http://www.nationalchamps.net/Helmet_Project/Idaho State.gif,,,Idaho State,,
Southeast Missouri State,Southeast Missouri State,SEMO,,http://www.nationalchamps.net/Helmet_Project/Southeast Missouri State.gif,,,Southeast Missouri State,,
Nicholls,Nicholls,NICH,,http://www.nationalchamps.net/Helmet_Project/Nicholls.gif,,,Nicholls,,
Western Carolina,Western Carolina,WCU,,http://www.nationalchamps.net/Helmet_Project/Western Carolina.gif,,,Western Carolina,,
South Dakota State,South Dakota State,SDST,,http://www.nationalchamps.net/Helmet_Project/South Dakota State.gif,,,South Dakota State,,
Sacramento State,Sacramento State,SAC,,http://www.nationalchamps.net/Helmet_Project/Sacramento State.gif,,,Sacramento State,,
North Dakota State,North Dakota State,NDSU,,http://www.nationalchamps.net/Helmet_Project/North Dakota State.gif,,,North Dakota State,,
Montana State,Montana State,UNM,,http://www.nationalchamps.net/Helmet_Project/Montana State.gif,,,Montana State,,
Central Arkansas,Central Arkansas,CARK,,http://www.nationalchamps.net/Helmet_Project/Central Arkansas.gif,,,Central Arkansas,,
Abilene Christian,Abilene Christian,ACU,,http://www.nationalchamps.net/Helmet_Project/Abilene Christian.gif,,,Abilene Christian,,
Rhode Island,Rhode Island,URI,,http://www.nationalchamps.net/Helmet_Project/Rhode Island.gif,,,Rhode Island,,
Eastern Kentucky,Eastern Kentucky,EKU,,http://www.nationalchamps.net/Helmet_Project/Eastern Kentucky.gif,,,Eastern Kentucky,,
Long Island University,Long Island University,LIU,NEC,http://www.nationalchamps.net/Helmet_Project/LIU_NY_2023.gif,,,Long Island University,,
Western Illinois,Western Illinois,WIU,,http://www.nationalchamps.net/Helmet_Project/Western Illinois.gif,,,Western Illinois,,
Cal Poly,Cal Poly,CP,,http://www.nationalchamps.net/Helmet_Project/Cal Poly.gif,,,Cal Poly,,
Texas Southern,Texas Southern,TXSO,,http://www.nationalchamps.net/Helmet_Project/Texas Southern.gif,,,Texas Southern,,
Northern Arizona,Northern Arizona,NAU,,http://www.nationalchamps.net/Helmet_Project/Northern Arizona.gif,,,Northern Arizona,,
McNeese,McNeese,MCN,,http://www.nationalchamps.net/Helmet_Project/McNeese.gif,,,McNeese,,
South Dakota,South Dakota,SDAK,,http://www.nationalchamps.net/Helmet_Project/South Dakota.gif,,,South Dakota,,
Utah Tech,Utah Tech,UTU,,http://www.nationalchamps.net/Helmet_Project/Utah Tech.gif,,,Utah Tech,,
UAlbany,UAlbany,ALB,,http://www.nationalchamps.net/Helmet_Project/UAlbany.gif,,,UAlbany,,
Northern Colorado,Northern Colorado,UNCO,,http://www.nationalchamps.net/Helmet_Project/Northern Colorado.gif,,,Northern Colorado,,
Stephen F. Austin,Stephen F. Austin,SFA,,http://www.nationalchamps.net/Helmet_Project/Stephen F. Austin.gif,,,Stephen F. Austin,,
Nicholls,Nicholls,NICH,,http://www.nationalchamps.net/Helmet_Project/Nicholls.gif,,,Nicholls,,
William & Mary,William & Mary,W&M,,http://www.nationalchamps.net/Helmet_Project/William & Mary.gif,,,William & Mary,,
Sacramento State,Sacramento State,SAC,,http://www.nationalchamps.net/Helmet_Project/Sacramento State.gif,,,Sacramento State,,
Missouri State,Missouri State,MOST,,http://www.nationalchamps.net/Helmet_Project/Missouri State.gif,,,Missouri State,,
Northern Colorado,Northern Colorado,UNCO,,http://www.nationalchamps.net/Helmet_Project/Northern Colorado.gif,,,Northern Colorado,,
Stephen F. Austin,Stephen F. Austin,SFA,,http://www.nationalchamps.net/Helmet_Project/Stephen F. Austin.gif,,,Stephen F. Austin,,
Nicholls,Nicholls,NICH,,http://www.nationalchamps.net/Helmet_Project/Nicholls.gif,,,Nicholls,,
William & Mary,William & Mary,W&M,,http://www.nationalchamps.net/Helmet_Project/William & Mary.gif,,,William & Mary,,
,Buena Vista,Buena Vista,American Rivers,http://www.nationalchamps.net/Helmet_Project/Buena_Vista_IA_2023.gif,,,,,
,Central College,Central College,American Rivers,http://www.nationalchamps.net/Helmet_Project/Central_IA.gif,,,,,
,Coe College,Coe College,American Rivers,http://www.nationalchamps.net/Helmet_Project/Coe_IA_2023.gif,,,,,
,Dubuque,Dubuque,American Rivers,http://www.nationalchamps.net/Helmet_Project/Dubuque_IA.gif,,,,,
,Loras College,Loras College,American Rivers,http://www.nationalchamps.net/Helmet_Project/Loras_IA.gif,,,,,
,Luther,Luther,American Rivers,http://www.nationalchamps.net/Helmet_Project/Luther_IA_2023.gif,,,,,
,Nebraska Wesleyan,Nebraska Wesleyan,American Rivers,http://www.nationalchamps.net/Helmet_Project/Nebraska_Wesleyan.gif,,,,,
,Simpson College (IA),Simpson College (IA),American Rivers,http://www.nationalchamps.net/Helmet_Project/Simpson_IA_2022.gif,,,,,
,Wartburg,Wartburg,American Rivers,http://www.nationalchamps.net/Helmet_Project/Wartburg_IA.gif,,,,,
,East Texas Baptist University,East Texas Baptist University,American Southwest,,,,,,
,Hardin-Simmons,Hardin-Simmons,American Southwest,,,,,,
,Howard Payne,Howard Payne,American Southwest,,,,,,
,Mary Hardin-Baylor,Mary Hardin-Baylor,American Southwest,,,,,,
,Montana,Montana,Big Sky,,,,Montana,,
,Charleston Southern,Charleston Southern,OVC,,,,Charleston Southern,,
,Tennessee State,Tennessee State,OVC,,,,Tennessee State,,
,Bryant,Bryant,CAA,,,,Bryant,,
,Delaware,Delaware,CAA,,,,Delaware,,
,Hampton,Hampton,CAA,,,,Hampton,,
,Augustana (IL),Augustana (IL),CCIW,,,,,,
,Carroll University (WI),Carroll University (WI),CCIW,,,,,,
,Carthage,Carthage,CCIW,,,,,,
,Elmhurst,Elmhurst,CCIW,,,,,,
,Illinois Wesleyan,Illinois Wesleyan,CCIW,,,,,,
,Millikin,Millikin,CCIW,,,,,,
,North Central College,North Central College,CCIW,,,,,,
,North Park,North Park,CCIW,,,,,,
,Washington University (St. Louis),Washington University (St. Louis),CCIW,,,,,,
,Wheaton,Wheaton,CCIW,,,,,,
,Dickinson (PA),Dickinson (PA),Centennial,,,,,,
,Franklin & Marshall,Franklin & Marshall,Centennial,,,,,,
,Gettysburg,Gettysburg,Centennial,,,,,,
,Johns Hopkins University,Johns Hopkins University,Centennial,,,,,,
,McDaniel College,McDaniel College,Centennial,,,,,,
,Muhlenberg,Muhlenberg,Centennial,,,,,,
,Ursinus,Ursinus,Centennial,,,,,,
,Bluefield State,Bluefield State,CIAA,,,,,,
,Bowie State,Bowie State,CIAA,,,,Bowie State,,
,Elizabeth City State,Elizabeth City State,CIAA,,,,Elizabeth City State,,
,Fayetteville State,Fayetteville State,CIAA,,,,Fayetteville State,,
,Johnson C Smith,Johnson C Smith,CIAA,,,,,,
,Lincoln (PA),Lincoln (PA),CIAA,,,,Lincoln (PA),,
,Livingstone,Livingstone,CIAA,,,,,,
,Shaw,Shaw,CIAA,,,,,,
,Virginia St,Virginia St,CIAA,,,,Virginia St,,
,Virginia Union,Virginia Union,CIAA,,,,,,
,Winston-Salem,Winston-Salem,CIAA,,,,,,
,Biddeford,Biddeford,Commonwealth Coast,,,,,,
,Curry College,Curry College,Commonwealth Coast,,,,,,
,Endicott College,Endicott College,Commonwealth Coast,,,,,,
,Husson,Husson,Commonwealth Coast,,,,,,
,Nichols College,Nichols College,Commonwealth Coast,,,,,,
,Western New England,Western New England,Commonwealth Coast,,,,,,
,Alfred State,Alfred State,ECFC,,,,,,
,Anna Maria College,Anna Maria College,ECFC,,,,,,
,Dean College,Dean College,ECFC,,,,,,
,Gallaudet,Gallaudet,ECFC,,,,,,
,Alfred University,Alfred University,Empire 8,,,,,,
,Brockport,Brockport,Empire 8,,,,,,
,Cortland,Cortland,Empire 8,,,,,,
,Hartwick,Hartwick,Empire 8,,,,,,
,Hilbert College,Hilbert College,Empire 8,,,,,,
,St John Fisher University,St John Fisher University,Empire 8,,,,,,
,SUNY Morrisville,SUNY Morrisville,Empire 8,,,,,,
,Utica,Utica,Empire 8,,,,,,
,Sacred Heart,Sacred Heart,FCS Independents,,,,Sacred Heart,,
,Davenport,Davenport,GLIAC,,,,,,
,Ferris State,Ferris State,GLIAC,,,,,,
,Grand Valley State University,Grand Valley State University,GLIAC,,,,,,
,Michigan Tech,Michigan Tech,GLIAC,,,,,,
,Northern Michigan,Northern Michigan,GLIAC,,,,Northern Michigan,,
,Roosevelt,Roosevelt,GLIAC,,,,,,
,Saginaw Valley State,Saginaw Valley State,GLIAC,,,,,,
,Wayne State (MI),Wayne State (MI),GLIAC,,,,,,
,Arkansas Tech,Arkansas Tech,Great American,,,,,,
,Arkansas-Monticello,Arkansas-Monticello,Great American,,,,,,
,East Central (OK),East Central (OK),Great American,,,,,,
,Harding University,Harding University,Great American,,,,,,
,Henderson State,Henderson State,Great American,,,,,,
,Northwestern Oklahoma State,Northwestern Oklahoma State,Great American,,,,,,
,Oklahoma Baptist,Oklahoma Baptist,Great American,,,,,,
,Ouachita Baptist,Ouachita Baptist,Great American,,,,,,
,Southeastern Oklahoma State,Southeastern Oklahoma State,Great American,,,,,,
,Southern Arkansas,Southern Arkansas,Great American,,,,,,
,Southern Nazarene,Southern Nazarene,Great American,,,,,,
,Southwestern Oklahoma State,Southwestern Oklahoma State,Great American,,,,,,
,Indianapolis,Indianapolis,Great Lakes,,,,,,
,Lincoln (MO),Lincoln (MO),Great Lakes,,,,,,
,McKendree,McKendree,Great Lakes,,,,McKendree,,
,Missouri S&T,Missouri S&T,Great Lakes,,,,,,
,Quincy,Quincy,Great Lakes,,,,,,
,Southwest Baptist,Southwest Baptist,Great Lakes,,,,,,
,Truman State,Truman State,Great Lakes,,,,Truman State,,
,Upper Iowa University,Upper Iowa University,Great Lakes,,,,Upper Iowa University,,
,William Jewell,William Jewell,Great Lakes,,,,,,
,Ashland,Ashland,Great Midwest Athletic,,,,,,
,Findlay,Findlay,Great Midwest Athletic,,,,,,
,Hillsdale,Hillsdale,Great Midwest Athletic,,,,,,
,Kentucky Wesleyan,Kentucky Wesleyan,Great Midwest Athletic,,,,,,
,Lake Erie,Lake Erie,Great Midwest Athletic,,,,,,
,Northwood (MI),Northwood (MI),Great Midwest Athletic,,,,,,
,Ohio Dominican,Ohio Dominican,Great Midwest Athletic,,,,,,
,Thomas More College,Thomas More College,Great Midwest Athletic,,,,Thomas More College,,
,Tiffin,Tiffin,Great Midwest Athletic,,,,,,
,Walsh,Walsh,Great Midwest Athletic,,,,,,
,Chowan,Chowan,Gulf South,,,,,,
,Delta State,Delta State,Gulf South,,,,,,
,ERSKINE,ERSKINE,Gulf South,,,,ERSKINE,,
,Mississippi College,Mississippi College,Gulf South,,,,,,
,North Greenville,North Greenville,Gulf South,,,,,,
,Shorter,Shorter,Gulf South,,,,,,
,Valdosta State,Valdosta State,Gulf South,,,,Valdosta State,,
,West Alabama,West Alabama,Gulf South,,,,,,
,West Florida,West Florida,Gulf South,,,,,,
,Anderson (IN),Anderson (IN),Heartland,,,,,,
,Bluffton,Bluffton,Heartland,,,,,,
,Defiance College,Defiance College,Heartland,,,,,,
,Franklin,Franklin,Heartland,,,,,,
,Hanover College,Hanover College,Heartland,,,,Hanover College,,
,Manchester,Manchester,Heartland,,,,,,
,Mount St. Joseph,Mount St. Joseph,Heartland,,,,,,
,Rose-Hulman,Rose-Hulman,Heartland,,,,,,
,Lincoln (CA),Lincoln (CA),Independent DII,,,,Lincoln (CA),,
,Northeastern State,Northeastern State,Independent DII,,,,Northeastern State,,
,Oklahoma Panhandle St,Oklahoma Panhandle St,Independent DII,,,,,,
,Apprentice School,Apprentice School,Independent DIII,,,,,,
,Maine Maritime,Maine Maritime,Independent DIII,,,,,,
,Brown,Brown,Ivy,,,,Brown,,
,Columbia,Columbia,Ivy,,,,Columbia,,
,Cornell,Cornell,Ivy,,,,Cornell,,
,Dartmouth,Dartmouth,Ivy,,,,Dartmouth,,
,Harvard,Harvard,Ivy,,,,Harvard,,
,Pennsylvania,Pennsylvania,Ivy,,,,Pennsylvania,,
,Princeton,Princeton,Ivy,,,,Princeton,,
,Yale,Yale,Ivy,,,,Yale,,
,Catholic,Catholic,Landmark Conference,,,,,,
,Juniata College,Juniata College,Landmark Conference,,,,,,
,Keystone,Keystone,Landmark Conference,,,,,,
,Lycoming,Lycoming,Landmark Conference,,,,,,
,Moravian,Moravian,Landmark Conference,,,,,,
,Susquehanna,Susquehanna,Landmark Conference,,,,,,
,Wilkes,Wilkes,Landmark Conference,,,,,,
,Buffalo State,Buffalo State,Liberty League,,,,,,
,Hobart College,Hobart College,Liberty League,,,,,,
,Ithaca College,Ithaca College,Liberty League,,,,,,
,Rensselaer,Rensselaer,Liberty League,,,,,,
,St. Lawrence,St. Lawrence,Liberty League,,,,,,
,Union (NY),Union (NY),Liberty League,,,,,,
,University of Rochester (NY),University of Rochester (NY),Liberty League,,,,,,
,Angelo State,Angelo State,Lone Star,,,,,,
,Central Washington,Central Washington,Lone Star,,,,Central Washington,,
,Eastern New Mexico,Eastern New Mexico,Lone Star,,,,,,
,Midwestern State,Midwestern State,Lone Star,,,,,,
,Sul Ross State,Sul Ross State,Lone Star,,,,Sul Ross State,,
,Texas A&M-Kingsville,Texas A&M-Kingsville,Lone Star,,,,,,
,UT Permian Basin,UT Permian Basin,Lone Star,,,,,,
,West Texas A&M,West Texas A&M,Lone Star,,,,,,
,Western New Mexico,Western New Mexico,Lone Star,,,,,,
,Western Oregon,Western Oregon,Lone Star,,,,Western Oregon,,
,Adrian,Adrian,Michigan,http://www.nationalchamps.net/Helmet_Project/Adrian_MI_2024.gif,,,Adrian,,
,Albion,Albion,Michigan,,,,,,
,Alma,Alma,Michigan,,,,,,
,Calvin University,Calvin University,Michigan,,,,,,
,Hope College,Hope College,Michigan,,,,,,
,Kalamazoo,Kalamazoo,Michigan,,,,,,
,Olivet College,Olivet College,Michigan,,,,,,
,Trine University,Trine University,Michigan,,,,,,
,Central Missouri,Central Missouri,Mid America,,,,,,
,Central Oklahoma,Central Oklahoma,Mid America,,,,,,
,Emporia State University,Emporia State University,Mid America,,,,,,
,Fort Hays State,Fort Hays State,Mid America,,,,,,
,Missouri Southern State,Missouri Southern State,Mid America,,,,,,
,Missouri Western,Missouri Western,Mid America,,,,,,
,Nebraska-Kearney,Nebraska-Kearney,Mid America,,,,,,
,Northwest Missouri St,Northwest Missouri St,Mid America,,,,,,
,Pittsburg St,Pittsburg St,Mid America,,,,,,
,Washburn,Washburn,Mid America,,,,,,
,Albright,Albright,Mid Atlantic,,,,,,
,Delaware Valley,Delaware Valley,Mid Atlantic,,,,,,
,Eastern University,Eastern University,Mid Atlantic,,,,,,
,FDU-Florham,FDU-Florham,Mid Atlantic,,,,,,
,Kings College (PA),Kings College (PA),Mid Atlantic,,,,,,
,Lebanon Valley,Lebanon Valley,Mid Atlantic,,,,,,
,Misericordia,Misericordia,Mid Atlantic,,,,,,
,Reading,Reading,Mid Atlantic,,,,,,
,Stevenson,Stevenson,Mid Atlantic,,,,,,
,Widener,Widener,Mid Atlantic,,,,,,
,Beloit,Beloit,Midwest,,,,,,
,Chicago,Chicago,Midwest,,,,,,
,Cornell College (IA),Cornell College (IA),Midwest,,,,,,
,Grinnell,Grinnell,Midwest,,,,,,
,Illinois College,Illinois College,Midwest,,,,,,
,Knox College,Knox College,Midwest,,,,,,
,Lake Forest College,Lake Forest College,Midwest,,,,,,
,Lawrence University,Lawrence University,Midwest,,,,,,
,Monmouth (IL),Monmouth (IL),Midwest,,,,,,
,Ripon,Ripon,Midwest,,,,,,
,Augsburg,Augsburg,Minnesota,,,,,,
,Bethel (MN),Bethel (MN),Minnesota,,,,,,
,Carleton,Carleton,Minnesota,,,,,,
,Concordia Moorhead,Concordia Moorhead,Minnesota,,,,,,
,Gustavus Adolphus,Gustavus Adolphus,Minnesota,,,,,,
,Hamline University,Hamline University,Minnesota,,,,,,
,Macalester,Macalester,Minnesota,,,,,,
,Saint John's (MN),Saint John's (MN),Minnesota,,,,,,
,St. Olaf,St. Olaf,Minnesota,,,,,,
,St. Scholastica,St. Scholastica,Minnesota,,,,,,
,Concord University,Concord University,Mountain East,,,,,,
,Fairmont State,Fairmont State,Mountain East,,,,,,
,Frostburg State,Frostburg State,Mountain East,,,,,,
,Glenville State,Glenville State,Mountain East,,,,,,
,UNC Pembroke,UNC Pembroke,Mountain East,,,,,,
,University Of Charleston (WV),University Of Charleston (WV),Mountain East,,,,,,
,West Liberty,West Liberty,Mountain East,,,,West Liberty,,
,West Virginia State,West Virginia State,Mountain East,,,,,,
,West Virginia Wesleyan,West Virginia Wesleyan,Mountain East,,,,,,
,Wheeling,Wheeling,Mountain East,,,,,,
,Bridgewater State,Bridgewater State,MSCAC,,,,,,
,Castleton,Castleton,MSCAC,,,,,,
,Fitchburg State,Fitchburg State,MSCAC,,,,,,
,Framingham State,Framingham State,MSCAC,,,,,,
,Mass Maritime,Mass Maritime,MSCAC,,,,,,
,Plymouth State,Plymouth State,MSCAC,,,,,,
,UMass Dartmouth,UMass Dartmouth,MSCAC,,,,,,
,Western Connecticut St,Western Connecticut St,MSCAC,,,,,,
,Westfield State,Westfield State,MSCAC,,,,,,
,Worcester St,Worcester St,MSCAC,,,,,,
,Aurora,Aurora,NACC,,,,,,
,Benedictine University,Benedictine University,NACC,,,,,,
,Concordia University Chicago,Concordia University Chicago,NACC,,,,,,
,Concordia-Wisconsin,Concordia-Wisconsin,NACC,,,,,,
,Eureka College,Eureka College,NACC,,,,,,
,Lakeland,Lakeland,NACC,,,,,,
,Rockford,Rockford,NACC,,,,,,
,St. Norbert,St. Norbert,NACC,,,,,,
,Wisconsin-Lutheran,Wisconsin-Lutheran,NACC,,,,,,
,Mercyhurst,Mercyhurst,NEC,,,,Mercyhurst,,
,Stonehill,Stonehill,NEC,,,,Stonehill,,
,Amherst,Amherst,NESCAC,,,,,,
,Bates,Bates,NESCAC,,,,,,
,Bowdoin,Bowdoin,NESCAC,,,,,,
,Colby College,Colby College,NESCAC,,,,,,
,Hamilton,Hamilton,NESCAC,,,,,,
,Middlebury,Middlebury,NESCAC,,,,,,
,Trinity (CT),Trinity (CT),NESCAC,,,,,,
,Tufts,Tufts,NESCAC,,,,,,
,Wesleyan University (CT),Wesleyan University (CT),NESCAC,,,,,,
,Williams,Williams,NESCAC,,,,,,
,Christopher Newport,Christopher Newport,New Jersey,,,,,,
,College Of New Jersey,College Of New Jersey,New Jersey,,,,,,
,Kean,Kean,New Jersey,,,,,,
,Montclair State,Montclair State,New Jersey,,,,,,
,Rowan,Rowan,New Jersey,,,,,,
,Salisbury,Salisbury,New Jersey,,,,,,
,William Paterson,William Paterson,New Jersey,,,,,,
,Coast Guard,Coast Guard,NEWMAC,,,,,,
,Merchant Marine Academy,Merchant Marine Academy,NEWMAC,,,,,,
,MIT,MIT,NEWMAC,,,,,,
,Norwich,Norwich,NEWMAC,,,,,,
,Salve Regina,Salve Regina,NEWMAC,,,,,,
,Springfield,Springfield,NEWMAC,,,,,,
,SUNY Maritime,SUNY Maritime,NEWMAC,,,,,,
,Worcester Polytechnic Institute,Worcester Polytechnic Institute,NEWMAC,,,,,,
,Denison University,Denison University,North Coast,,,,,,
,Depauw,Depauw,North Coast,,,,,,
,Hiram College,Hiram College,North Coast,,,,,,
,Kenyon,Kenyon,North Coast,,,,,,
,Oberlin,Oberlin,North Coast,,,,,,
,Ohio Wesleyan,Ohio Wesleyan,North Coast,,,,,,
,Wabash College,Wabash College,North Coast,,,,,,
,Wittenberg,Wittenberg,North Coast,,,,,,
,Wooster,Wooster,North Coast,,,,,,
,American International,American International,Northeast 10,,,,American International,,
,Assumption,Assumption,Northeast 10,,,,,,
,Bentley,Bentley,Northeast 10,,,,Bentley,,
,Franklin Pierce,Franklin Pierce,Northeast 10,,,,,,
,New Haven,New Haven,Northeast 10,,,,New Haven,,
,Pace,Pace,Northeast 10,,,,,,
,Post University,Post University,Northeast 10,,,,,,
,Southern Connecticut State,Southern Connecticut State,Northeast 10,,,,Southern Connecticut State,,
,St. Anselm,St. Anselm,Northeast 10,,,,St. Anselm,,
,Augustana University (SD),Augustana University (SD),Northern Sun,,,,,,
,Bemidji State,Bemidji State,Northern Sun,,,,,,
,Concordia University St Paul,Concordia University St Paul,Northern Sun,,,,,,
,Minnesota Duluth,Minnesota Duluth,Northern Sun,,,,,,
,Minnesota State Mankato,Minnesota State Mankato,Northern Sun,,,,,,
,Minnesota State Moorhead,Minnesota State Moorhead,Northern Sun,,,,,,
,Minot State,Minot State,Northern Sun,,,,,,
,Northern State,Northern State,Northern Sun,,,,,,
,Sioux Falls,Sioux Falls,Northern Sun,,,,,,
,Southwest Minnesota State,Southwest Minnesota State,Northern Sun,,,,,,
,University of Mary,University of Mary,Northern Sun,,,,,,
,Wayne State (NE),Wayne State (NE),Northern Sun,,,,,,
,Winona State,Winona State,Northern Sun,,,,,,
,Lewis & Clark College,Lewis & Clark College,Northwest,,,,,,
,Linfield College,Linfield College,Northwest,,,,,,
,NEWBERG,NEWBERG,Northwest,,,,,,
,Pacific (OR),Pacific (OR),Northwest,,,,,,
,Pacific Lutheran,Pacific Lutheran,Northwest,,,,,,
,Puget Sound,Puget Sound,Northwest,,,,,,
,Whitworth,Whitworth,Northwest,,,,,,
,Willamette,Willamette,Northwest,,,,,,
,Baldwin Wallace,Baldwin Wallace,Ohio,,,,,,
,Capital,Capital,Ohio,,,,,,
,Heidelberg,Heidelberg,Ohio,,,,,,
,John Carroll University,John Carroll University,Ohio,,,,,,
,Marietta,Marietta,Ohio,,,,,,
,Muskingum University,Muskingum University,Ohio,,,,,,
,Ohio Northern,Ohio Northern,Ohio,,,,,,
,Otterbein,Otterbein,Ohio,,,,,,
,University of Mount Union,University of Mount Union,Ohio,,,,,,
,Wilmington (OH),Wilmington (OH),Ohio,,,,,,
,Averett,Averett,Old Dominion,,,,,,
,Bridgewater (VA),Bridgewater (VA),Old Dominion,,,,,,
,Ferrum,Ferrum,Old Dominion,,,,Ferrum,,
,Guilford College,Guilford College,Old Dominion,,,,,,
,Hampden-Sydney,Hampden-Sydney,Old Dominion,,,,,,
,Randolph-Macon,Randolph-Macon,Old Dominion,,,,,,
,Shenandoah,Shenandoah,Old Dominion,,,,,,
,Washington and Lee,Washington and Lee,Old Dominion,,,,,,
,Georgetown,Georgetown,Patriot,,,,Georgetown,,
,Bloomsburg,Bloomsburg,Pennsylvania State Athletic,,,,,,
,Clarion,Clarion,Pennsylvania State Athletic,,,,,,
,East Stroudsburg University,East Stroudsburg University,Pennsylvania State Athletic,,,,,,
,Edinboro University,Edinboro University,Pennsylvania State Athletic,,,,,,
,Gannon,Gannon,Pennsylvania State Athletic,,,,,,
,Indiana-Pennsylvania,Indiana-Pennsylvania,Pennsylvania State Athletic,,,,,,
,Kutztown University,Kutztown University,Pennsylvania State Athletic,,,,,,
,Lock Haven University,Lock Haven University,Pennsylvania State Athletic,,,,,,
,Millersville,Millersville,Pennsylvania State Athletic,,,,,,
,PennWest California,PennWest California,Pennsylvania State Athletic,,,,,,
,Seton Hill,Seton Hill,Pennsylvania State Athletic,,,,,,
,Shepherd,Shepherd,Pennsylvania State Athletic,,,,,,
,Shippensburg,Shippensburg,Pennsylvania State Athletic,,,,,,
,Slippery Rock,Slippery Rock,Pennsylvania State Athletic,,,,,,
,West Chester,West Chester,Pennsylvania State Athletic,,,,,,
,Butler,Butler,Pioneer,,,,Butler,,
,Davidson,Davidson,Pioneer,,,,Davidson,,
,Dayton,Dayton,Pioneer,,,,Dayton,,
,Drake,Drake,Pioneer,,,,Drake,,
,Marist,Marist,Pioneer,,,,Marist,,
,Morehead State,Morehead State,Pioneer,,,,Morehead State,,
,Presbyterian,Presbyterian,Pioneer,,,,Presbyterian,,
,San Diego,San Diego,Pioneer,,,,San Diego,,
,St. Thomas (MN),St. Thomas (MN),Pioneer,,,,St. Thomas (MN),,
,Stetson,Stetson,Pioneer,,,,Stetson,,
,Valparaiso,Valparaiso,Pioneer,,,,Valparaiso,,
,Allegheny,Allegheny,Presidents',,,,,,
,Bethany (WV),Bethany (WV),Presidents',,,,,,
,Carnegie Mellon,Carnegie Mellon,Presidents',,,,,,
,Case Western Reserve,Case Western Reserve,Presidents',,,,,,
,Geneva,Geneva,Presidents',,,,,,
,Grove City College,Grove City College,Presidents',,,,,,
,Saint Vincent,Saint Vincent,Presidents',,,,,,
,Thiel,Thiel,Presidents',,,,,,
,Washington & Jefferson,Washington & Jefferson,Presidents',,,,,,
,Waynesburg,Waynesburg,Presidents',,,,,,
,Westminster (PA),Westminster (PA),Presidents',,,,,,
,Adams State,Adams State,Rocky Mountain,,,,,,
,Black Hills State,Black Hills State,Rocky Mountain,,,,,,
,Chadron St,Chadron St,Rocky Mountain,,,,Chadron St,,
,Colorado Mesa,Colorado Mesa,Rocky Mountain,,,,,,
,Colorado School Of Mines,Colorado School Of Mines,Rocky Mountain,,,,,,
,CSU Pueblo,CSU Pueblo,Rocky Mountain,,,,,,
,Fort Lewis,Fort Lewis,Rocky Mountain,,,,,,
,New Mexico Highlands,New Mexico Highlands,Rocky Mountain,,,,,,
,South Dakota Mines,South Dakota Mines,Rocky Mountain,,,,,,
,Western Colorado,Western Colorado,Rocky Mountain,,,,,,
,Albany State GA,Albany State GA,SIAC,,,,Albany State GA,,
,Allen,Allen,SIAC,,,,Allen,,
,Benedict College,Benedict College,SIAC,,,,,,
,Central State (OH),Central State (OH),SIAC,,,,Central State (OH),,
,Clark Atlanta,Clark Atlanta,SIAC,,,,,,
,Edward Waters,Edward Waters,SIAC,,,,Edward Waters,,
,Fort Valley State,Fort Valley State,SIAC,,,,,,
,Kentucky State,Kentucky State,SIAC,,,,Kentucky State,,
,Lane College,Lane College,SIAC,,,,Lane College,,
,Miles College,Miles College,SIAC,,,,Miles College,,
,Morehouse College,Morehouse College,SIAC,,,,Morehouse College,,
,Savannah St,Savannah St,SIAC,,,,Savannah St,,
,Tuskegee,Tuskegee,SIAC,,,,Tuskegee,,
,California Lutheran University,California Lutheran University,So. Cal.,,,,,,
,Chapman,Chapman,So. Cal.,,,,,,
,Claremont-Mudd-Scripps College,Claremont-Mudd-Scripps College,So. Cal.,,,,,,
,La Verne,La Verne,So. Cal.,,,,,,
,Pomona Pitzer,Pomona Pitzer,So. Cal.,,,,,,
,Redlands,Redlands,So. Cal.,,,,,,
,Anderson (Sc),Anderson (Sc),South Atlantic,,,,,,
,Carson-Newman College,Carson-Newman College,South Atlantic,,,,,,
,Catawba,Catawba,South Atlantic,,,,,,
,Emory & Henry College,Emory & Henry College,South Atlantic,,,,,,
,Greeneville,Greeneville,South Atlantic,,,,,,
,Lenoir-Rhyne,Lenoir-Rhyne,South Atlantic,,,,,,
,Limestone,Limestone,South Atlantic,,,,,,
,Mars Hill,Mars Hill,South Atlantic,,,,,,
,Newberry,Newberry,South Atlantic,,,,,,
,UVA Wise,UVA Wise,South Atlantic,,,,,,
,Wilson,Wilson,South Atlantic,,,,,,
,Wingate,Wingate,South Atlantic,,,,,,
,The Citadel,The Citadel,Southern,,,,The Citadel,,
,Wofford,Wofford,Southern,,,,Wofford,,
,Berry College,Berry College,Southern Athletic,,,,,,
,Centre College Kentucky,Centre College Kentucky,Southern Athletic,,,,,,
,Hendrix College,Hendrix College,Southern Athletic,,,,,,
,Millsaps,Millsaps,Southern Athletic,,,,,,
,Rhodes College,Rhodes College,Southern Athletic,,,,,,
,Sewanee,Sewanee,Southern Athletic,,,,,,
,Southwestern University,Southwestern University,Southern Athletic,,,,,,
,Trinity University TX,Trinity University TX,Southern Athletic,,,,,,
,Austin,Austin,Southern Collegiate Athletic,,,,,,
,CENTENARY,CENTENARY,Southern Collegiate Athletic,,,,,,
,LYONCOLL,LYONCOLL,Southern Collegiate Athletic,,,,,,
,McMurry,McMurry,Southern Collegiate Athletic,,,,,,
,Texas Lutheran,Texas Lutheran,Southern Collegiate Athletic,,,,,,
,Incarnate Word,Incarnate Word,Southland,,,,Incarnate Word,,
,Alabama State,Alabama State,SWAC,http://www.nationalchamps.net/Helmet_Project/Alabama_St_F.gif,,,Alabama State,,
,Mississippi Valley State,Mississippi Valley State,SWAC,,,,Mississippi Valley State,,
,Southern,Southern,SWAC,http://www.nationalchamps.net/Helmet_Project/Southern_G.gif,,,Southern,,
,West Georgia,West Georgia,UAC,,,,West Georgia,,
,Crown College,Crown College,Upper Midwest,,,,,,
,Greenville,Greenville,Upper Midwest,,,,,,
,Martin Luther,Martin Luther,Upper Midwest,,,,,,
,Minnesota Morris,Minnesota Morris,Upper Midwest,,,,,,
,Northwestern (MN),Northwestern (MN),Upper Midwest,,,,,,
,Westminster College (MO),Westminster College (MO),Upper Midwest,,,,,,
,Belhaven,Belhaven,USA South,,,,,,
,Brevard College,Brevard College,USA South,,,,,,
,Greensboro College,Greensboro College,USA South,,,,Greensboro College,,
,Huntingdon College (AL),Huntingdon College (AL),USA South,,,,,,
,Lagrange College,Lagrange College,USA South,,,,,,
,Maryville College (TN),Maryville College (TN),USA South,,,,,,
,Methodist,Methodist,USA South,,,,,,
,North Carolina Wesleyan,North Carolina Wesleyan,USA South,,,,,,
,Southern Virginia,Southern Virginia,USA South,,,,,,
,Wisconsin-Eau Claire,Wisconsin-Eau Claire,Wisconsin,,,,,,
,Wisconsin-Lacrosse,Wisconsin-Lacrosse,Wisconsin,,,,,,
,Wisconsin-Oshkosh,Wisconsin-Oshkosh,Wisconsin,,,,,,
,Wisconsin-Platteville,Wisconsin-Platteville,Wisconsin,,,,,,
,Wisconsin-River Falls,Wisconsin-River Falls,Wisconsin,,,,,,
,Wisconsin-Stevens Pt,Wisconsin-Stevens Pt,Wisconsin,,,,,,
,Wisconsin-Stout,Wisconsin-Stout,Wisconsin,,,,,,
,Wisconsin-Whitewater,Wisconsin-Whitewater,Wisconsin,,,,,,
,Ave Maria University,Ave Maria University,,,,,,,
,Bethel University Tennessee,Bethel University Tennessee,,,,,,,
,Campbellsville University,Campbellsville University,,,,,,,
,College of Idaho,College of Idaho,,,,,,,
,Concordia-Michigan,Concordia-Michigan,,,,,,,
,Dakota State University,Dakota State University,,,,,,,
,Dickinson State University,Dickinson State University,,,,,,,
,Eastern Oregon,Eastern Oregon,,,,,,,
,Elgin,Elgin,,,,,,,
,Florida Memorial University,Florida Memorial University,,,,,,,
,Georgetown College Kentucky,Georgetown College Kentucky,,,,,,,
,Indiana Wesleyan,Indiana Wesleyan,,,,,,,
,Jamestown College,Jamestown College,,,,,,,
,Keiser (Fl),Keiser (Fl),,,,,,,
,Keiser University,Keiser University,,,,,,,
,Kentucky Christian,Kentucky Christian,,,,,Kentucky Christian,,
,Langston University,Langston University,,,,,,,
,Laurinburg,Laurinburg,,,,,,,
,Little Rock,Little Rock,,,,,Little Rock,,
,Louisiana College,Louisiana College,,,,,Louisiana College,,
,Madonna University,Madonna University,,,,,,,
,Madonna University (Mich.),Madonna University (Mich.),,,,,,,
,Mayville State,Mayville State,,,,,,,
,Montana-Western,Montana-Western,,,,,,,
,North American University,North American University,,,,,,,
,Phoenix,Phoenix,,,,,,,
,Point University,Point University,,,,,,,
,Reinhardt University,Reinhardt University,,,,,,,
,Simpson University (Ca),Simpson University (Ca),,,,,,,
,Southern Oregon,Southern Oregon,,,,,,,
,Southwestern Assemblies Of God,Southwestern Assemblies Of God,,,,,,,
,St. Xavier IL,St. Xavier IL,,,,,,,
,Taylor,Taylor,,,,,,,
,University Of St Francis IN,University Of St Francis IN,,,,,,,
,Valley City State,Valley City State,,,,,,,
,Virginia University Of Lynchburg,Virginia University Of Lynchburg,,,,,Virginia University Of Lynchburg,,
,Warner University,Warner University,,,,,Warner University,,
,Wayland Baptist,Wayland Baptist,,,,,,,
,Webber International,Webber International,,,,,Webber International,,
,William Woods,William Woods,,,,,,,
Hawai'i Rainbow WarriorsHAW,Hawai'i,HAW,MW,http://www.nationalchamps.net/Helmet_Project/Hawaii_G.gif,,,Hawai'i,,